{
  "RandomForest": {
    "MAE": 0.5044466666667589,
    "RMSE": 0.9304683528292942,
    "R2": 0.09204815238651731
  },
  "GradientBoosting": {
    "MAE": 0.5682865272320647,
    "RMSE": 0.8972818967853747,
    "R2": 0.15565990079761494
  },
  "Lasso": {
    "MAE": 0.16194617700824665,
    "RMSE": 0.18260248276991806,
    "R2": 0.9650318255477783
  }
}