{
  "explained_variance_ratio": [
    0.38860613725439924,
    0.22374291458483173,
    0.12180327632095644
  ],
  "singular_values": [
    9.246261417241454,
    7.015941933102286,
    5.1765549152511126
  ],
  "components": [
    [
      -0.413414532190988,
      0.36922909914032476,
      0.3599529685695738,
      0.37504412549367133,
      0.4147047145347569,
      -0.16764544412733087,
      0.2337518810494998,
      0.29243422581621503,
      0.07034101696653913,
      -0.19665132733746074,
      0.1966513273374607
    ],
    [
      0.16005707960957338,
      0.30235396992874414,
      0.3387484290477291,
      0.09105125440324525,
      -0.15005562371133463,
      0.18187189683136346,
      0.12159175370660004,
      0.1732767736953557,
      0.3046732639582995,
      0.5323033483443994,
      -0.5323033483443992
    ],
    [
      0.17609413444663538,
      0.3370286542411382,
      0.14467642756572532,
      -0.2928570959611475,
      -0.17740859504713272,
      0.2925241218413054,
      -0.18802184598706195,
      0.5356748870162351,
      -0.522792457250609,
      -0.13425734751574653,
      0.1342573475157463
    ]
  ],
  "feature_names": [
    "LapTimeSeconds",
    "Energy_Index",
    "MeanAbs_Jerk_Long",
    "MeanAbs_Jerk_Lat",
    "Avg_Speed_mps",
    "Brake_Aggression",
    "Max_Lateral_g",
    "Max_Longitudinal_g",
    "TyreLife",
    "Compound_HARD",
    "Compound_SOFT"
  ],
  "scaler_mean": [
    94.95975000000001,
    34124863.2734829,
    3555.642836097594,
    362.2445940893948,
    56.49523916923518,
    0.40466746683903787,
    89.46607188197618,
    448.8838110451612,
    3.95,
    0.7,
    0.3
  ],
  "scaler_scale": [
    0.8192631979406848,
    2540147.2938900804,
    221.60483902483725,
    20.703916985757076,
    0.4914915455293145,
    0.00864153730854769,
    23.90161528527419,
    164.7169542358465,
    2.2688102609076854,
    0.45825756949558394,
    0.45825756949558394
  ]
}