{
  "RandomForest": {
    "MAE_mean": 0.8616702607843116,
    "RMSE_mean": 1.8259453882199843,
    "R2_mean": 0.9715183002915705
  },
  "GradientBoosting": {
    "MAE_mean": 1.862417969191442,
    "RMSE_mean": 2.513928813891193,
    "R2_mean": 0.9471461316395315
  },
  "Lasso": {
    "MAE_mean": 1.0296013185491606,
    "RMSE_mean": 1.9331818313764875,
    "R2_mean": 0.962478341278465
  },
  "XGBoost": {
    "MAE_mean": 1.0867376320154525,
    "RMSE_mean": 1.6671830028557075,
    "R2_mean": 0.9766690105194307
  },
  "LightGBM": {
    "MAE_mean": 1.2621336167700719,
    "RMSE_mean": 1.989997440795539,
    "R2_mean": 0.9672197412218477
  },
  "best_model": {
    "name": "RandomForest",
    "MAE_mean": 0.8616702607843116,
    "RMSE_mean": 1.8259453882199843,
    "R2_mean": 0.9715183002915705
  }
}