{
  "RandomForest": {
    "MAE_mean": 0.8821757933681846,
    "RMSE_mean": 1.875796942759574,
    "R2_mean": 0.9704364694357384
  },
  "GradientBoosting": {
    "MAE_mean": 1.8446021386537823,
    "RMSE_mean": 2.548331900082058,
    "R2_mean": 0.9472031309814118
  },
  "Lasso": {
    "MAE_mean": 1.0364093694477698,
    "RMSE_mean": 1.9068059042184118,
    "R2_mean": 0.9633618861840455
  },
  "XGBoost": {
    "MAE_mean": 1.1396404894713579,
    "RMSE_mean": 1.7117243552843504,
    "R2_mean": 0.9759738066730936
  },
  "LightGBM": {
    "MAE_mean": 1.2503937152328646,
    "RMSE_mean": 1.9409527810763065,
    "R2_mean": 0.9690574612089862
  },
  "best_model": {
    "name": "RandomForest",
    "MAE_mean": 0.8821757933681846,
    "RMSE_mean": 1.875796942759574,
    "R2_mean": 0.9704364694357384
  }
}