{
  "explained_variance_ratio": [
    0.23182244072617025,
    0.1389799736219159,
    0.12586451017222178
  ],
  "components": [
    [
      -0.40113928492477835,
      0.4148494587111343,
      0.4072113793042501,
      0.3907826659950875,
      0.3970512994243542,
      -0.15790030254333734,
      0.25442564533504247,
      0.2641337812034872,
      -0.04592906380355729,
      -0.08574289931657536,
      -0.03730745900618142,
      0.0040703024685335085,
      0.12614012325749166,
      -0.0677689433663149
    ],
    [
      0.36780781057169204,
      0.36737506511077644,
      0.34566373253010724,
      -0.05365668299009347,
      -0.3788030015060616,
      0.2377937466064739,
      0.09448105190305288,
      0.4257175002701521,
      0.15731958394426754,
      0.3124721253193636,
      0.0031968112919982987,
      -0.10913590837322437,
      -0.28528671417996354,
      0.0386422740087113
    ],
    [
      -0.19829375799799157,
      -0.12537155167507416,
      -0.12702444221173423,
      0.08707830892754398,
      0.19945582907727652,
      -0.18707266720848473,
      0.03733423749923086,
      -0.1613422174625394,
      0.34942914585976387,
      0.6252148819947343,
      -0.10772707941372568,
      -0.5107070444421412,
      -0.17309274291213678,
      -0.06047700881572215
    ]
  ],
  "feature_names": [
    "LapTimeSeconds_norm",
    "Energy_per_m_norm",
    "MeanAbs_Jerk_Long_norm",
    "MeanAbs_Jerk_Lat_norm",
    "Avg_Speed_mps_norm",
    "Brake_Aggression_norm",
    "Max_Lateral_g_norm",
    "Max_Longitudinal_g_norm",
    "TyreLife_norm",
    "Compound_HARD",
    "Compound_INTERMEDIATE",
    "Compound_MEDIUM",
    "Compound_SOFT",
    "Compound_WET"
  ],
  "scaler_mean": [
    -0.0011759061287594263,
    0.002249810485355829,
    0.004567569442510904,
    0.005314502404020527,
    0.003183913667971536,
    0.0012913567175122133,
    0.004593209171992029,
    0.0026858738052793316,
    -0.00010415167054316193,
    0.5185185185185185,
    0.0376249265138154,
    0.25749559082892415,
    0.18459729570840683,
    0.0005878894767783657
  ],
  "scaler_scale": [
    0.9756577774648466,
    0.974887618171071,
    0.9700677837923237,
    0.9707787787360185,
    0.9713822823888377,
    0.9690618345791129,
    0.9741608602526362,
    0.9740189945321552,
    0.9737798845111517,
    0.4996569467863719,
    0.19028739164391684,
    0.43725463008707804,
    0.3879705325479628,
    0.02423930408946303
  ]
}