{
  "explained_variance_ratio": [
    0.24360934895090808,
    0.11930103939846354,
    0.09351997639486523
  ],
  "components": [
    [
      0.11411133398754521,
      0.43214439173305363,
      0.4530990439448927,
      0.342189847242086,
      0.17347596194863044,
      -0.13754736085787564,
      0.28584508554831045,
      0.36479318587006027,
      -0.04113798043038892,
      -0.013793192497818867,
      -0.07346490841787537,
      -0.002758447970270217,
      0.057993528323451275,
      -0.017812871128804246,
      -0.390724520236632,
      0.08931494568822507,
      0.1410642451186902,
      0.15010915740477895
    ],
    [
      -0.005666322780639502,
      0.11327771556221586,
      -0.023846309957254168,
      -0.07781558725021316,
      0.36802472025046756,
      -0.3319109713652212,
      0.010669840796939603,
      -0.05904625233826188,
      0.27132038902933936,
      0.5328746639126897,
      -0.14021806961080496,
      -0.292810165834784,
      -0.28052399626669333,
      -0.07047630818604927,
      0.18561093944105786,
      -0.3614398928717518,
      0.03562249667838567,
      0.13533618809852246
    ],
    [
      -0.09310732728244836,
      0.08351617654476085,
      -0.05072548262283206,
      -0.02118378562426784,
      0.465110839297084,
      -0.46096263320802716,
      -0.03424048685294707,
      -0.1598453306958027,
      -0.2942758257164116,
      -0.33894729563853226,
      -0.18622200122813615,
      0.19247967724173443,
      0.3204395428821472,
      -0.10549098598743571,
      0.23167510565357427,
      -0.04765475523796461,
      0.09776725451741915,
      -0.27069070533812956
    ]
  ],
  "feature_names": [
    "LapTimeSeconds",
    "Energy_Index",
    "MeanAbs_Jerk_Long",
    "MeanAbs_Jerk_Lat",
    "Avg_Speed_mps",
    "Brake_Aggression",
    "Max_Lateral_g",
    "Max_Longitudinal_g",
    "TyreLife",
    "Compound_HARD",
    "Compound_INTERMEDIATE",
    "Compound_MEDIUM",
    "Compound_SOFT",
    "Compound_WET",
    "Year_2021",
    "Year_2022",
    "Year_2023",
    "Year_2024"
  ],
  "scaler_mean": [
    88.30988307873089,
    31482977.01501559,
    3149.936161841263,
    408.6149462653898,
    57.771335963510616,
    0.38858856061331004,
    102.45690788588038,
    336.9433959740883,
    16.334900117508813,
    0.518213866039953,
    0.038190364277320796,
    0.2573443008225617,
    0.1844888366627497,
    0.0005875440658049354,
    0.23678025851938894,
    0.2408930669800235,
    0.2502937720329025,
    0.2720329024676851
  ],
  "scaler_scale": [
    11.068475879540287,
    9437936.851749409,
    901.2124639710684,
    107.0299550371686,
    5.8657283000290485,
    0.03554744369825333,
    46.53886953817182,
    196.8506108226714,
    12.91773453098705,
    0.4996681449561085,
    0.1916555774134589,
    0.43717068938425935,
    0.38788233500583,
    0.024232186401059085,
    0.42510630164098984,
    0.4276255339207207,
    0.43318217843586776,
    0.4450067442665246
  ]
}